id,type,latitude,longitude,slots,bikes,updateTime
1,BIKE,41.42251,2.15975,26,13,06/03/19 15:26:02
1,BIKE,41.42251,2.15975,26,18,08/03/19 06:05:41
1,BIKE,41.42251,2.15975,26,21,11/03/19 09:21:46
1,BIKE,41.42251,2.15975,26,15,11/03/19 12:19:16
1,BIKE,41.42251,2.15975,26,8,02/03/19 21:27:06
1,BIKE,41.42251,2.15975,26,9,06/03/19 22:45:37
1,BIKE,41.42251,2.15975,26,14,04/03/19 16:05:55
1,BIKE,41.42251,2.15975,26,13,05/03/19 15:55:41
1,BIKE,41.42251,2.15975,26,15,12/03/19 15:28:27
1,BIKE,41.42251,2.15975,26,18,07/03/19 07:21:36
1,BIKE,41.42251,2.15975,26,14,07/03/19 12:41:51
1,BIKE,41.42251,2.15975,26,9,14/03/19 22:16:47
1,BIKE,41.42251,2.15975,26,17,07/03/19 12:42:39
1,BIKE,41.42251,2.15975,26,17,11/03/19 09:24:57
1,BIKE,41.42251,2.15975,26,17,14/03/19 10:28:23
1,BIKE,41.42251,2.15975,26,12,14/03/19 18:11:25
1,BIKE,41.42251,2.15975,26,24,05/03/19 06:12:17
1,BIKE,41.42251,2.15975,26,8,06/03/19 22:51:44
1,BIKE,41.42251,2.15975,26,13,01/03/19 20:34:57
1,BIKE,41.42251,2.15975,26,14,11/03/19 15:25:23
1,BIKE,41.42251,2.15975,26,15,06/03/19 13:46:12
1,BIKE,41.42251,2.15975,26,13,01/03/19 18:54:02
1,BIKE,41.42251,2.15975,26,15,03/03/19 15:09:34
1,BIKE,41.42251,2.15975,26,16,03/03/19 14:59:40
1,BIKE,41.42251,2.15975,26,17,02/03/19 11:00:51
1,BIKE,41.42251,2.15975,26,14,01/03/19 13:36:22
1,BIKE,41.42251,2.15975,26,11,08/03/19 18:15:12
1,BIKE,41.42251,2.15975,26,20,04/03/19 06:15:00
1,BIKE,41.42251,2.15975,26,20,14/03/19 06:29:22
1,BIKE,41.42251,2.15975,26,14,09/03/19 18:36:44
1,BIKE,41.42251,2.15975,26,16,09/03/19 12:26:27
1,BIKE,41.42251,2.15975,26,13,08/03/19 19:42:42
1,BIKE,41.42251,2.15975,26,22,10/03/19 06:57:31
1,BIKE,41.42251,2.15975,26,10,11/03/19 21:10:31
1,BIKE,41.42251,2.15975,26,16,05/03/19 08:14:29
1,BIKE,41.42251,2.15975,26,13,09/03/19 13:36:12
1,BIKE,41.42251,2.15975,26,7,08/03/19 22:24:01
1,BIKE,41.42251,2.15975,26,21,10/03/19 07:18:57
1,BIKE,41.42251,2.15975,26,11,11/03/19 17:30:31
1,BIKE,41.42251,2.15975,26,14,11/03/19 18:41:53
2,BIKE,41.449721,2.139801,29,18,09/03/19 13:54:00
2,BIKE,41.449721,2.139801,29,24,01/03/19 07:56:16
2,BIKE,41.449721,2.139801,29,18,12/03/19 14:49:05
2,BIKE,41.449721,2.139801,29,16,14/03/19 13:20:19
2,BIKE,41.449721,2.139801,29,11,08/03/19 20:53:21
2,BIKE,41.449721,2.139801,29,14,07/03/19 17:42:23
2,BIKE,41.449721,2.139801,29,18,03/03/19 11:10:44
2,BIKE,41.449721,2.139801,29,21,07/03/19 06:57:50
2,BIKE,41.449721,2.139801,29,14,09/03/19 16:14:49
2,BIKE,41.449721,2.139801,29,22,11/03/19 10:40:29
2,BIKE,41.449721,2.139801,29,11,07/03/19 17:41:35
2,BIKE,41.449721,2.139801,29,12,03/03/19 20:54:16
2,BIKE,41.449721,2.139801,29,16,03/03/19 12:39:09
2,BIKE,41.449721,2.139801,29,11,08/03/19 21:58:19
2,BIKE,41.449721,2.139801,29,17,09/03/19 14:03:46
2,BIKE,41.449721,2.139801,29,15,13/03/19 15:02:09
2,BIKE,41.449721,2.139801,29,14,12/03/19 19:11:21
2,BIKE,41.449721,2.139801,29,10,09/03/19 19:34:34
2,BIKE,41.449721,2.139801,29,13,02/03/19 21:25:52
2,BIKE,41.449721,2.139801,29,9,12/03/19 22:04:10
2,BIKE,41.449721,2.139801,29,21,08/03/19 08:12:09
2,BIKE,41.449721,2.139801,29,17,12/03/19 13:34:44
2,BIKE,41.449721,2.139801,29,6,11/03/19 21:24:30
2,BIKE,41.449721,2.139801,29,17,05/03/19 11:45:47
2,BIKE,41.449721,2.139801,29,22,06/03/19 06:28:43
2,BIKE,41.449721,2.139801,29,18,06/03/19 15:52:27
2,BIKE,41.449721,2.139801,29,14,04/03/19 18:45:40
2,BIKE,41.449721,2.139801,29,13,11/03/19 18:29:29
2,BIKE,41.449721,2.139801,29,10,06/03/19 19:21:51
2,BIKE,41.449721,2.139801,29,17,10/03/19 16:12:17
2,BIKE,41.449721,2.139801,29,23,08/03/19 08:17:11
2,BIKE,41.449721,2.139801,29,12,06/03/19 20:21:42
2,BIKE,41.449721,2.139801,29,16,10/03/19 13:21:08
2,BIKE,41.449721,2.139801,29,9,03/03/19 20:10:27
2,BIKE,41.449721,2.139801,29,14,08/03/19 19:28:22
2,BIKE,41.449721,2.139801,29,15,03/03/19 22:06:29
2,BIKE,41.449721,2.139801,29,23,02/03/19 06:52:26
2,BIKE,41.449721,2.139801,29,14,12/03/19 20:33:42
2,BIKE,41.449721,2.139801,29,15,12/03/19 16:05:34
2,BIKE,41.449721,2.139801,29,14,10/03/19 14:19:25
3,BIKE,41.437569,2.120944,26,13,13/03/19 19:15:07
3,BIKE,41.437569,2.120944,26,7,09/03/19 22:09:37
3,BIKE,41.437569,2.120944,26,14,02/03/19 14:28:05
3,BIKE,41.437569,2.120944,26,19,06/03/19 07:10:43
3,BIKE,41.437569,2.120944,26,13,04/03/19 18:09:51
3,BIKE,41.437569,2.120944,26,18,11/03/19 09:42:39
3,BIKE,41.437569,2.120944,26,18,03/03/19 09:25:10
3,BIKE,41.437569,2.120944,26,16,09/03/19 09:40:27
3,BIKE,41.437569,2.120944,26,16,12/03/19 09:28:42
3,BIKE,41.437569,2.120944,26,10,03/03/19 21:30:03
3,BIKE,41.437569,2.120944,26,14,13/03/19 12:18:37
3,BIKE,41.437569,2.120944,26,17,10/03/19 07:25:11
3,BIKE,41.437569,2.120944,26,16,01/03/19 09:28:21
3,BIKE,41.437569,2.120944,26,15,08/03/19 12:20:14
3,BIKE,41.437569,2.120944,26,13,05/03/19 11:49:34
3,BIKE,41.437569,2.120944,26,14,10/03/19 11:14:45
3,BIKE,41.437569,2.120944,26,7,03/03/19 22:13:15
3,BIKE,41.437569,2.120944,26,11,07/03/19 20:20:57
3,BIKE,41.437569,2.120944,26,14,07/03/19 15:47:38
3,BIKE,41.437569,2.120944,26,12,07/03/19 22:50:51
3,BIKE,41.437569,2.120944,26,14,13/03/19 11:33:52
3,BIKE,41.437569,2.120944,26,17,14/03/19 08:21:23
3,BIKE,41.437569,2.120944,26,18,01/03/19 10:38:58
3,BIKE,41.437569,2.120944,26,19,12/03/19 07:49:57
3,BIKE,41.437569,2.120944,26,9,03/03/19 22:14:26
3,BIKE,41.437569,2.120944,26,20,03/03/19 09:40:56
3,BIKE,41.437569,2.120944,26,14,07/03/19 13:42:54
3,BIKE,41.437569,2.120944,26,16,14/03/19 09:23:37
3,BIKE,41.437569,2.120944,26,7,08/03/19 22:08:15
3,BIKE,41.437569,2.120944,26,19,09/03/19 08:36:14
3,BIKE,41.437569,2.120944,26,15,11/03/19 14:12:06
3,BIKE,41.437569,2.120944,26,7,07/03/19 22:22:16
3,BIKE,41.437569,2.120944,26,13,07/03/19 14:32:34
3,BIKE,41.437569,2.120944,26,11,10/03/19 21:57:36
3,BIKE,41.437569,2.120944,26,11,02/03/19 21:08:24
3,BIKE,41.437569,2.120944,26,10,13/03/19 19:04:32
3,BIKE,41.437569,2.120944,26,13,05/03/19 18:32:51
3,BIKE,41.437569,2.120944,26,15,09/03/19 15:56:56
3,BIKE,41.437569,2.120944,26,11,14/03/19 15:02:02
3,BIKE,41.437569,2.120944,26,10,11/03/19 20:38:57
4,BIKE,41.382521,2.135392,30,18,11/03/19 13:01:48
4,BIKE,41.382521,2.135392,30,9,12/03/19 22:33:33
4,BIKE,41.382521,2.135392,30,8,02/03/19 20:07:29
4,BIKE,41.382521,2.135392,30,17,07/03/19 12:39:42
4,BIKE,41.382521,2.135392,30,19,12/03/19 12:21:41
4,BIKE,41.382521,2.135392,30,16,04/03/19 18:39:43
4,BIKE,41.382521,2.135392,30,7,05/03/19 21:15:55
4,BIKE,41.382521,2.135392,30,26,13/03/19 07:04:01
4,BIKE,41.382521,2.135392,30,20,11/03/19 07:10:04
4,BIKE,41.382521,2.135392,30,21,04/03/19 10:16:31
4,BIKE,41.382521,2.135392,30,19,01/03/19 13:09:18
4,BIKE,41.382521,2.135392,30,23,07/03/19 08:11:52
4,BIKE,41.382521,2.135392,30,17,13/03/19 14:32:36
4,BIKE,41.382521,2.135392,30,14,08/03/19 15:26:33
4,BIKE,41.382521,2.135392,30,12,03/03/19 22:49:59
4,BIKE,41.382521,2.135392,30,12,07/03/19 18:29:28
4,BIKE,41.382521,2.135392,30,15,07/03/19 10:32:31
4,BIKE,41.382521,2.135392,30,18,09/03/19 19:42:13
4,BIKE,41.382521,2.135392,30,14,10/03/19 19:51:03
4,BIKE,41.382521,2.135392,30,18,04/03/19 17:35:58
4,BIKE,41.382521,2.135392,30,13,08/03/19 17:02:53
4,BIKE,41.382521,2.135392,30,21,07/03/19 11:27:50
4,BIKE,41.382521,2.135392,30,16,03/03/19 18:01:52
4,BIKE,41.382521,2.135392,30,24,07/03/19 08:36:41
4,BIKE,41.382521,2.135392,30,15,02/03/19 16:03:23
4,BIKE,41.382521,2.135392,30,9,03/03/19 21:32:13
4,BIKE,41.382521,2.135392,30,10,04/03/19 22:08:39
4,BIKE,41.382521,2.135392,30,15,14/03/19 11:51:11
4,BIKE,41.382521,2.135392,30,16,01/03/19 11:05:15
4,BIKE,41.382521,2.135392,30,15,13/03/19 16:39:29
4,BIKE,41.382521,2.135392,30,16,04/03/19 12:42:56
4,BIKE,41.382521,2.135392,30,13,14/03/19 18:16:40
4,BIKE,41.382521,2.135392,30,20,02/03/19 09:35:51
4,BIKE,41.382521,2.135392,30,24,09/03/19 08:19:06
4,BIKE,41.382521,2.135392,30,25,07/03/19 06:15:00
4,BIKE,41.382521,2.135392,30,17,04/03/19 13:15:51
4,BIKE,41.382521,2.135392,30,22,05/03/19 09:00:10
4,BIKE,41.382521,2.135392,30,17,06/03/19 11:40:14
4,BIKE,41.382521,2.135392,30,11,09/03/19 21:04:31
4,BIKE,41.382521,2.135392,30,14,11/03/19 19:11:40
5,BIKE,41.390017,2.175363,42,14,04/03/19 20:05:02
5,BIKE,41.390017,2.175363,42,20,06/03/19 16:48:36
5,BIKE,41.390017,2.175363,42,27,01/03/19 07:31:35
5,BIKE,41.390017,2.175363,42,19,04/03/19 18:28:33
5,BIKE,41.390017,2.175363,42,25,05/03/19 16:34:06
5,BIKE,41.390017,2.175363,42,14,12/03/19 21:48:39
5,BIKE,41.390017,2.175363,42,24,11/03/19 14:37:59
5,BIKE,41.390017,2.175363,42,27,11/03/19 08:30:53
5,BIKE,41.390017,2.175363,42,18,04/03/19 16:18:04
5,BIKE,41.390017,2.175363,42,21,04/03/19 13:31:51
5,BIKE,41.390017,2.175363,42,24,06/03/19 17:59:39
5,BIKE,41.390017,2.175363,42,31,06/03/19 12:34:52
5,BIKE,41.390017,2.175363,42,27,11/03/19 11:28:50
5,BIKE,41.390017,2.175363,42,28,13/03/19 08:53:49
5,BIKE,41.390017,2.175363,42,16,06/03/19 22:03:15
5,BIKE,41.390017,2.175363,42,18,04/03/19 18:03:27
5,BIKE,41.390017,2.175363,42,26,13/03/19 13:47:55
5,BIKE,41.390017,2.175363,42,29,08/03/19 09:56:03
5,BIKE,41.390017,2.175363,42,22,13/03/19 16:03:32
5,BIKE,41.390017,2.175363,42,26,06/03/19 13:01:48
5,BIKE,41.390017,2.175363,42,20,05/03/19 16:00:31
5,BIKE,41.390017,2.175363,42,29,01/03/19 07:34:25
5,BIKE,41.390017,2.175363,42,24,11/03/19 09:08:48
5,BIKE,41.390017,2.175363,42,18,07/03/19 18:33:44
5,BIKE,41.390017,2.175363,42,27,04/03/19 07:39:31
5,BIKE,41.390017,2.175363,42,20,07/03/19 17:00:26
5,BIKE,41.390017,2.175363,42,23,02/03/19 12:52:12
5,BIKE,41.390017,2.175363,42,32,14/03/19 06:15:53
5,BIKE,41.390017,2.175363,42,20,07/03/19 18:33:36
5,BIKE,41.390017,2.175363,42,16,05/03/19 17:21:16
5,BIKE,41.390017,2.175363,42,16,09/03/19 19:20:58
5,BIKE,41.390017,2.175363,42,13,12/03/19 21:24:33
5,BIKE,41.390017,2.175363,42,21,14/03/19 18:00:51
5,BIKE,41.390017,2.175363,42,21,10/03/19 20:25:45
5,BIKE,41.390017,2.175363,42,33,03/03/19 07:15:38
5,BIKE,41.390017,2.175363,42,15,06/03/19 21:21:19
5,BIKE,41.390017,2.175363,42,19,10/03/19 21:09:42
5,BIKE,41.390017,2.175363,42,16,12/03/19 17:20:07
5,BIKE,41.390017,2.175363,42,22,07/03/19 19:41:41
5,BIKE,41.390017,2.175363,42,17,12/03/19 18:59:53
6,BIKE,41.447355,2.136049,30,7,02/03/19 20:11:03
6,BIKE,41.447355,2.136049,30,16,05/03/19 21:52:58
6,BIKE,41.447355,2.136049,30,19,14/03/19 14:36:36
6,BIKE,41.447355,2.136049,30,11,03/03/19 19:06:32
6,BIKE,41.447355,2.136049,30,12,10/03/19 21:00:46
6,BIKE,41.447355,2.136049,30,18,03/03/19 11:53:01
6,BIKE,41.447355,2.136049,30,23,02/03/19 06:14:59
6,BIKE,41.447355,2.136049,30,18,03/03/19 08:06:47
6,BIKE,41.447355,2.136049,30,21,13/03/19 06:39:38
6,BIKE,41.447355,2.136049,30,18,14/03/19 13:42:16
6,BIKE,41.447355,2.136049,30,23,02/03/19 06:53:29
6,BIKE,41.447355,2.136049,30,22,10/03/19 10:30:44
6,BIKE,41.447355,2.136049,30,20,02/03/19 10:18:03
6,BIKE,41.447355,2.136049,30,18,12/03/19 18:19:38
6,BIKE,41.447355,2.136049,30,18,05/03/19 10:12:46
6,BIKE,41.447355,2.136049,30,11,01/03/19 22:38:40
6,BIKE,41.447355,2.136049,30,17,14/03/19 09:56:14
6,BIKE,41.447355,2.136049,30,8,13/03/19 22:05:20
6,BIKE,41.447355,2.136049,30,18,01/03/19 15:23:00
6,BIKE,41.447355,2.136049,30,18,06/03/19 10:21:59
6,BIKE,41.447355,2.136049,30,23,13/03/19 06:04:55
6,BIKE,41.447355,2.136049,30,19,05/03/19 11:35:56
6,BIKE,41.447355,2.136049,30,13,09/03/19 16:58:35
6,BIKE,41.447355,2.136049,30,21,13/03/19 07:16:47
6,BIKE,41.447355,2.136049,30,20,01/03/19 08:43:33
6,BIKE,41.447355,2.136049,30,21,07/03/19 07:54:54
6,BIKE,41.447355,2.136049,30,16,08/03/19 17:16:08
6,BIKE,41.447355,2.136049,30,23,13/03/19 07:55:01
6,BIKE,41.447355,2.136049,30,21,07/03/19 06:44:43
6,BIKE,41.447355,2.136049,30,16,12/03/19 13:38:28
6,BIKE,41.447355,2.136049,30,19,08/03/19 11:11:33
6,BIKE,41.447355,2.136049,30,16,07/03/19 15:16:51
6,BIKE,41.447355,2.136049,30,13,11/03/19 21:06:22
6,BIKE,41.447355,2.136049,30,17,12/03/19 20:53:38
6,BIKE,41.447355,2.136049,30,17,10/03/19 15:48:08
6,BIKE,41.447355,2.136049,30,15,09/03/19 16:05:29
6,BIKE,41.447355,2.136049,30,12,14/03/19 19:31:49
6,BIKE,41.447355,2.136049,30,16,09/03/19 13:12:33
6,BIKE,41.447355,2.136049,30,13,03/03/19 17:45:27
6,BIKE,41.447355,2.136049,30,18,13/03/19 09:34:56
7,BIKE,41.360527,2.149563,36,17,12/03/19 16:56:56
7,BIKE,41.360527,2.149563,36,22,06/03/19 10:43:35
7,BIKE,41.360527,2.149563,36,26,06/03/19 09:06:20
7,BIKE,41.360527,2.149563,36,15,10/03/19 18:22:46
7,BIKE,41.360527,2.149563,36,18,11/03/19 15:34:14
7,BIKE,41.360527,2.149563,36,19,10/03/19 12:54:04
7,BIKE,41.360527,2.149563,36,31,13/03/19 06:22:35
7,BIKE,41.360527,2.149563,36,24,01/03/19 10:11:07
7,BIKE,41.360527,2.149563,36,19,14/03/19 19:16:13
7,BIKE,41.360527,2.149563,36,22,07/03/19 13:14:18
7,BIKE,41.360527,2.149563,36,16,04/03/19 22:09:29
7,BIKE,41.360527,2.149563,36,13,04/03/19 21:20:25
7,BIKE,41.360527,2.149563,36,16,07/03/19 20:14:42
7,BIKE,41.360527,2.149563,36,33,05/03/19 06:30:33
7,BIKE,41.360527,2.149563,36,24,14/03/19 06:53:44
7,BIKE,41.360527,2.149563,36,21,07/03/19 15:57:03
7,BIKE,41.360527,2.149563,36,26,14/03/19 11:09:49
7,BIKE,41.360527,2.149563,36,15,10/03/19 20:34:59
7,BIKE,41.360527,2.149563,36,24,06/03/19 11:40:50
7,BIKE,41.360527,2.149563,36,28,06/03/19 08:09:04
7,BIKE,41.360527,2.149563,36,25,14/03/19 07:31:32
7,BIKE,41.360527,2.149563,36,23,10/03/19 11:12:52
7,BIKE,41.360527,2.149563,36,16,06/03/19 16:21:25
7,BIKE,41.360527,2.149563,36,24,11/03/19 08:19:30
7,BIKE,41.360527,2.149563,36,14,06/03/19 19:48:27
7,BIKE,41.360527,2.149563,36,22,04/03/19 11:14:40
7,BIKE,41.360527,2.149563,36,23,11/03/19 11:32:11
7,BIKE,41.360527,2.149563,36,18,02/03/19 17:35:13
7,BIKE,41.360527,2.149563,36,11,07/03/19 20:19:08
7,BIKE,41.360527,2.149563,36,25,06/03/19 13:55:42
7,BIKE,41.360527,2.149563,36,18,07/03/19 19:19:35
7,BIKE,41.360527,2.149563,36,24,03/03/19 11:19:57
7,BIKE,41.360527,2.149563,36,24,06/03/19 08:41:02
7,BIKE,41.360527,2.149563,36,14,02/03/19 20:29:24
7,BIKE,41.360527,2.149563,36,17,07/03/19 19:43:58
7,BIKE,41.360527,2.149563,36,17,11/03/19 18:09:09
7,BIKE,41.360527,2.149563,36,10,02/03/19 21:08:56
7,BIKE,41.360527,2.149563,36,21,03/03/19 14:44:28
7,BIKE,41.360527,2.149563,36,31,01/03/19 09:23:35
7,BIKE,41.360527,2.149563,36,15,12/03/19 15:51:03
8,BIKE,41.442123,2.120299,20,12,11/03/19 15:14:39
8,BIKE,41.442123,2.120299,20,12,01/03/19 12:14:58
8,BIKE,41.442123,2.120299,20,10,08/03/19 16:51:48
8,BIKE,41.442123,2.120299,20,15,07/03/19 10:21:04
8,BIKE,41.442123,2.120299,20,9,10/03/19 16:06:33
8,BIKE,41.442123,2.120299,20,9,06/03/19 19:13:45
8,BIKE,41.442123,2.120299,20,16,12/03/19 07:46:13
8,BIKE,41.442123,2.120299,20,11,08/03/19 13:15:55
8,BIKE,41.442123,2.120299,20,9,04/03/19 17:33:04
8,BIKE,41.442123,2.120299,20,15,08/03/19 06:50:49
8,BIKE,41.442123,2.120299,20,9,04/03/19 16:36:13
8,BIKE,41.442123,2.120299,20,9,08/03/19 21:45:24
8,BIKE,41.442123,2.120299,20,7,04/03/19 20:58:51
8,BIKE,41.442123,2.120299,20,11,07/03/19 17:17:53
8,BIKE,41.442123,2.120299,20,7,05/03/19 19:52:14
8,BIKE,41.442123,2.120299,20,13,08/03/19 12:33:43
8,BIKE,41.442123,2.120299,20,12,11/03/19 11:12:51
8,BIKE,41.442123,2.120299,20,11,10/03/19 07:07:43
8,BIKE,41.442123,2.120299,20,9,06/03/19 18:19:57
8,BIKE,41.442123,2.120299,20,11,07/03/19 11:08:20
8,BIKE,41.442123,2.120299,20,7,05/03/19 20:46:22
8,BIKE,41.442123,2.120299,20,13,05/03/19 13:33:16
8,BIKE,41.442123,2.120299,20,6,09/03/19 21:02:01
8,BIKE,41.442123,2.120299,20,13,11/03/19 08:52:48
8,BIKE,41.442123,2.120299,20,16,03/03/19 08:35:40
8,BIKE,41.442123,2.120299,20,13,04/03/19 11:26:31
8,BIKE,41.442123,2.120299,20,17,02/03/19 06:08:05
8,BIKE,41.442123,2.120299,20,11,14/03/19 14:28:59
8,BIKE,41.442123,2.120299,20,8,10/03/19 17:55:32
8,BIKE,41.442123,2.120299,20,9,03/03/19 17:35:49
8,BIKE,41.442123,2.120299,20,15,11/03/19 09:27:22
8,BIKE,41.442123,2.120299,20,15,05/03/19 08:36:30
8,BIKE,41.442123,2.120299,20,11,05/03/19 15:33:02
8,BIKE,41.442123,2.120299,20,10,07/03/19 16:37:23
8,BIKE,41.442123,2.120299,20,7,09/03/19 22:11:47
8,BIKE,41.442123,2.120299,20,7,10/03/19 21:08:10
8,BIKE,41.442123,2.120299,20,14,01/03/19 12:00:43
8,BIKE,41.442123,2.120299,20,14,11/03/19 08:49:23
8,BIKE,41.442123,2.120299,20,12,06/03/19 10:00:27
8,BIKE,41.442123,2.120299,20,7,13/03/19 20:15:13
9,BIKE,41.439707,2.186404,28,17,09/03/19 13:35:42
9,BIKE,41.439707,2.186404,28,11,14/03/19 22:29:20
9,BIKE,41.439707,2.186404,28,13,04/03/19 17:54:32
9,BIKE,41.439707,2.186404,28,13,10/03/19 16:12:48
9,BIKE,41.439707,2.186404,28,20,05/03/19 07:06:52
9,BIKE,41.439707,2.186404,28,11,13/03/19 16:09:34
9,BIKE,41.439707,2.186404,28,15,09/03/19 12:29:57
9,BIKE,41.439707,2.186404,28,13,11/03/19 20:17:06
9,BIKE,41.439707,2.186404,28,19,09/03/19 08:27:18
9,BIKE,41.439707,2.186404,28,20,11/03/19 09:41:03
9,BIKE,41.439707,2.186404,28,15,03/03/19 17:19:53
9,BIKE,41.439707,2.186404,28,14,04/03/19 17:39:07
9,BIKE,41.439707,2.186404,28,11,10/03/19 20:01:31
9,BIKE,41.439707,2.186404,28,19,03/03/19 14:32:11
9,BIKE,41.439707,2.186404,28,18,02/03/19 12:54:01
9,BIKE,41.439707,2.186404,28,17,08/03/19 11:56:00
9,BIKE,41.439707,2.186404,28,18,14/03/19 12:34:58
9,BIKE,41.439707,2.186404,28,14,05/03/19 17:58:57
9,BIKE,41.439707,2.186404,28,13,03/03/19 15:14:42
9,BIKE,41.439707,2.186404,28,18,11/03/19 11:17:18
9,BIKE,41.439707,2.186404,28,19,04/03/19 09:26:25
9,BIKE,41.439707,2.186404,28,9,11/03/19 18:30:06
9,BIKE,41.439707,2.186404,28,18,03/03/19 10:49:20
9,BIKE,41.439707,2.186404,28,18,03/03/19 09:26:46
9,BIKE,41.439707,2.186404,28,17,14/03/19 11:02:36
9,BIKE,41.439707,2.186404,28,8,09/03/19 20:41:50
9,BIKE,41.439707,2.186404,28,15,05/03/19 13:13:08
9,BIKE,41.439707,2.186404,28,14,07/03/19 16:52:30
9,BIKE,41.439707,2.186404,28,20,09/03/19 07:12:50
9,BIKE,41.439707,2.186404,28,16,01/03/19 11:17:16
9,BIKE,41.439707,2.186404,28,14,14/03/19 18:08:40
9,BIKE,41.439707,2.186404,28,10,07/03/19 19:18:42
9,BIKE,41.439707,2.186404,28,14,14/03/19 15:36:37
9,BIKE,41.439707,2.186404,28,13,12/03/19 20:16:23
9,BIKE,41.439707,2.186404,28,16,01/03/19 11:02:20
9,BIKE,41.439707,2.186404,28,19,12/03/19 08:35:58
9,BIKE,41.439707,2.186404,28,22,08/03/19 07:44:08
9,BIKE,41.439707,2.186404,28,18,13/03/19 09:06:57
9,BIKE,41.439707,2.186404,28,12,09/03/19 18:25:22
9,BIKE,41.439707,2.186404,28,11,04/03/19 21:04:03
10,BIKE,41.406793,2.132357,26,20,10/03/19 08:01:24
10,BIKE,41.406793,2.132357,26,11,05/03/19 14:22:29
10,BIKE,41.406793,2.132357,26,17,05/03/19 08:17:28
10,BIKE,41.406793,2.132357,26,9,09/03/19 20:52:48
10,BIKE,41.406793,2.132357,26,16,05/03/19 08:00:02
10,BIKE,41.406793,2.132357,26,12,14/03/19 16:38:24
10,BIKE,41.406793,2.132357,26,18,01/03/19 07:44:03
10,BIKE,41.406793,2.132357,26,12,06/03/19 18:25:52
10,BIKE,41.406793,2.132357,26,8,01/03/19 21:30:47
10,BIKE,41.406793,2.132357,26,12,11/03/19 18:14:05
10,BIKE,41.406793,2.132357,26,18,08/03/19 10:15:42
10,BIKE,41.406793,2.132357,26,9,03/03/19 20:03:12
10,BIKE,41.406793,2.132357,26,16,02/03/19 11:54:30
10,BIKE,41.406793,2.132357,26,14,11/03/19 18:01:35
10,BIKE,41.406793,2.132357,26,11,03/03/19 20:08:52
10,BIKE,41.406793,2.132357,26,13,12/03/19 14:43:52
10,BIKE,41.406793,2.132357,26,13,05/03/19 16:27:04
10,BIKE,41.406793,2.132357,26,9,08/03/19 20:30:31
10,BIKE,41.406793,2.132357,26,18,01/03/19 09:17:14
10,BIKE,41.406793,2.132357,26,21,08/03/19 06:09:58
10,BIKE,41.406793,2.132357,26,14,01/03/19 13:47:10
10,BIKE,41.406793,2.132357,26,17,04/03/19 09:07:52
10,BIKE,41.406793,2.132357,26,12,13/03/19 21:17:18
10,BIKE,41.406793,2.132357,26,10,14/03/19 20:45:08
10,BIKE,41.406793,2.132357,26,16,07/03/19 12:17:14
10,BIKE,41.406793,2.132357,26,15,13/03/19 11:57:47
10,BIKE,41.406793,2.132357,26,10,03/03/19 18:10:27
10,BIKE,41.406793,2.132357,26,14,09/03/19 13:31:11
10,BIKE,41.406793,2.132357,26,22,10/03/19 07:32:58
10,BIKE,41.406793,2.132357,26,12,13/03/19 17:30:05
10,BIKE,41.406793,2.132357,26,11,01/03/19 18:46:29
10,BIKE,41.406793,2.132357,26,18,09/03/19 07:02:17
10,BIKE,41.406793,2.132357,26,11,04/03/19 19:32:24
10,BIKE,41.406793,2.132357,26,15,06/03/19 15:47:39
10,BIKE,41.406793,2.132357,26,11,14/03/19 20:03:46
10,BIKE,41.406793,2.132357,26,14,10/03/19 20:32:34
10,BIKE,41.406793,2.132357,26,13,13/03/19 17:26:22
10,BIKE,41.406793,2.132357,26,19,03/03/19 11:24:25
10,BIKE,41.406793,2.132357,26,16,09/03/19 12:32:12
10,BIKE,41.406793,2.132357,26,13,13/03/19 18:37:43
11,BIKE,41.390303,2.141408,24,15,02/03/19 07:42:41
11,BIKE,41.390303,2.141408,24,16,13/03/19 09:53:23
11,BIKE,41.390303,2.141408,24,13,05/03/19 14:39:55
11,BIKE,41.390303,2.141408,24,8,06/03/19 22:59:29
11,BIKE,41.390303,2.141408,24,8,01/03/19 18:39:42
11,BIKE,41.390303,2.141408,24,11,12/03/19 19:16:32
11,BIKE,41.390303,2.141408,24,16,04/03/19 09:08:34
11,BIKE,41.390303,2.141408,24,15,14/03/19 10:04:17
11,BIKE,41.390303,2.141408,24,15,01/03/19 10:16:43
11,BIKE,41.390303,2.141408,24,10,02/03/19 18:07:37
11,BIKE,41.390303,2.141408,24,13,02/03/19 15:41:16
11,BIKE,41.390303,2.141408,24,14,10/03/19 09:41:37
11,BIKE,41.390303,2.141408,24,9,09/03/19 18:36:05
11,BIKE,41.390303,2.141408,24,12,03/03/19 16:22:19
11,BIKE,41.390303,2.141408,24,9,02/03/19 21:27:52
11,BIKE,41.390303,2.141408,24,12,04/03/19 15:15:20
11,BIKE,41.390303,2.141408,24,16,03/03/19 08:55:25
11,BIKE,41.390303,2.141408,24,8,11/03/19 21:00:43
11,BIKE,41.390303,2.141408,24,16,13/03/19 09:19:39
11,BIKE,41.390303,2.141408,24,20,06/03/19 06:34:27
11,BIKE,41.390303,2.141408,24,9,05/03/19 19:10:53
11,BIKE,41.390303,2.141408,24,16,08/03/19 13:51:20
11,BIKE,41.390303,2.141408,24,13,05/03/19 16:28:39
11,BIKE,41.390303,2.141408,24,16,03/03/19 08:22:36
11,BIKE,41.390303,2.141408,24,12,02/03/19 18:03:53
11,BIKE,41.390303,2.141408,24,12,10/03/19 12:16:27
11,BIKE,41.390303,2.141408,24,6,12/03/19 22:35:14
11,BIKE,41.390303,2.141408,24,10,08/03/19 16:16:29
11,BIKE,41.390303,2.141408,24,8,10/03/19 21:02:19
11,BIKE,41.390303,2.141408,24,10,02/03/19 19:34:08
11,BIKE,41.390303,2.141408,24,9,08/03/19 20:18:57
11,BIKE,41.390303,2.141408,24,18,10/03/19 07:50:11
11,BIKE,41.390303,2.141408,24,7,09/03/19 19:41:35
11,BIKE,41.390303,2.141408,24,13,01/03/19 16:43:13
11,BIKE,41.390303,2.141408,24,12,02/03/19 12:53:30
11,BIKE,41.390303,2.141408,24,14,14/03/19 11:48:45
11,BIKE,41.390303,2.141408,24,11,04/03/19 16:19:00
11,BIKE,41.390303,2.141408,24,15,04/03/19 09:34:22
11,BIKE,41.390303,2.141408,24,14,09/03/19 09:15:08
11,BIKE,41.390303,2.141408,24,8,11/03/19 20:12:46
12,BIKE,41.387843,2.190427,22,10,14/03/19 18:12:45
12,BIKE,41.387843,2.190427,22,12,11/03/19 16:06:54
12,BIKE,41.387843,2.190427,22,11,12/03/19 18:14:48
12,BIKE,41.387843,2.190427,22,12,13/03/19 11:13:12
12,BIKE,41.387843,2.190427,22,9,09/03/19 18:40:05
12,BIKE,41.387843,2.190427,22,14,09/03/19 09:15:36
12,BIKE,41.387843,2.190427,22,13,08/03/19 13:02:16
12,BIKE,41.387843,2.190427,22,13,03/03/19 08:25:36
12,BIKE,41.387843,2.190427,22,15,01/03/19 12:12:33
12,BIKE,41.387843,2.190427,22,13,02/03/19 11:41:21
12,BIKE,41.387843,2.190427,22,12,13/03/19 13:13:15
12,BIKE,41.387843,2.190427,22,13,05/03/19 14:33:00
12,BIKE,41.387843,2.190427,22,18,01/03/19 06:10:06
12,BIKE,41.387843,2.190427,22,14,02/03/19 11:28:48
12,BIKE,41.387843,2.190427,22,10,02/03/19 20:52:39
12,BIKE,41.387843,2.190427,22,13,06/03/19 13:18:02
12,BIKE,41.387843,2.190427,22,13,10/03/19 15:31:11
12,BIKE,41.387843,2.190427,22,18,12/03/19 07:26:35
12,BIKE,41.387843,2.190427,22,13,12/03/19 12:04:05
12,BIKE,41.387843,2.190427,22,10,14/03/19 22:01:54
12,BIKE,41.387843,2.190427,22,12,12/03/19 15:50:11
12,BIKE,41.387843,2.190427,22,17,04/03/19 06:20:36
12,BIKE,41.387843,2.190427,22,9,07/03/19 18:41:23
12,BIKE,41.387843,2.190427,22,9,10/03/19 19:24:42
12,BIKE,41.387843,2.190427,22,14,03/03/19 12:50:07
12,BIKE,41.387843,2.190427,22,15,10/03/19 06:11:44
12,BIKE,41.387843,2.190427,22,10,01/03/19 20:29:10
12,BIKE,41.387843,2.190427,22,15,04/03/19 10:32:03
12,BIKE,41.387843,2.190427,22,9,12/03/19 21:47:20
12,BIKE,41.387843,2.190427,22,10,05/03/19 12:01:55
12,BIKE,41.387843,2.190427,22,13,14/03/19 12:21:48
12,BIKE,41.387843,2.190427,22,10,12/03/19 19:28:02
12,BIKE,41.387843,2.190427,22,14,04/03/19 08:35:05
12,BIKE,41.387843,2.190427,22,17,13/03/19 06:08:56
12,BIKE,41.387843,2.190427,22,7,13/03/19 18:32:15
12,BIKE,41.387843,2.190427,22,9,14/03/19 21:41:34
12,BIKE,41.387843,2.190427,22,7,06/03/19 22:43:39
12,BIKE,41.387843,2.190427,22,17,13/03/19 08:13:23
12,BIKE,41.387843,2.190427,22,13,05/03/19 08:26:10
12,BIKE,41.387843,2.190427,22,15,05/03/19 11:17:37
13,ELECTRIC_BIKE,41.385487,2.160783,18,13,08/03/19 18:23:20
13,ELECTRIC_BIKE,41.385487,2.160783,18,3,06/03/19 21:21:10
13,ELECTRIC_BIKE,41.385487,2.160783,18,13,01/03/19 20:56:40
13,ELECTRIC_BIKE,41.385487,2.160783,18,5,11/03/19 12:00:47
13,ELECTRIC_BIKE,41.385487,2.160783,18,11,07/03/19 21:56:49
13,ELECTRIC_BIKE,41.385487,2.160783,18,7,12/03/19 10:01:13
13,ELECTRIC_BIKE,41.385487,2.160783,18,18,03/03/19 08:04:00
13,ELECTRIC_BIKE,41.385487,2.160783,18,5,04/03/19 13:12:56
13,ELECTRIC_BIKE,41.385487,2.160783,18,18,10/03/19 07:17:34
13,ELECTRIC_BIKE,41.385487,2.160783,18,3,10/03/19 17:51:57
13,ELECTRIC_BIKE,41.385487,2.160783,18,11,08/03/19 22:50:03
13,ELECTRIC_BIKE,41.385487,2.160783,18,8,09/03/19 07:56:32
13,ELECTRIC_BIKE,41.385487,2.160783,18,17,13/03/19 07:23:40
13,ELECTRIC_BIKE,41.385487,2.160783,18,8,13/03/19 09:00:35
13,ELECTRIC_BIKE,41.385487,2.160783,18,17,13/03/19 09:37:07
13,ELECTRIC_BIKE,41.385487,2.160783,18,4,14/03/19 15:53:06
13,ELECTRIC_BIKE,41.385487,2.160783,18,14,05/03/19 15:06:25
13,ELECTRIC_BIKE,41.385487,2.160783,18,2,12/03/19 22:49:24
13,ELECTRIC_BIKE,41.385487,2.160783,18,15,04/03/19 13:00:34
13,ELECTRIC_BIKE,41.385487,2.160783,18,2,13/03/19 21:43:24
13,ELECTRIC_BIKE,41.385487,2.160783,18,12,14/03/19 18:29:55
13,ELECTRIC_BIKE,41.385487,2.160783,18,2,07/03/19 20:54:30
13,ELECTRIC_BIKE,41.385487,2.160783,18,16,08/03/19 09:52:11
13,ELECTRIC_BIKE,41.385487,2.160783,18,5,02/03/19 13:02:39
13,ELECTRIC_BIKE,41.385487,2.160783,18,12,02/03/19 21:29:14
13,ELECTRIC_BIKE,41.385487,2.160783,18,3,03/03/19 18:14:21
13,ELECTRIC_BIKE,41.385487,2.160783,18,18,01/03/19 09:26:42
13,ELECTRIC_BIKE,41.385487,2.160783,18,2,06/03/19 20:03:14
13,ELECTRIC_BIKE,41.385487,2.160783,18,13,14/03/19 19:21:49
13,ELECTRIC_BIKE,41.385487,2.160783,18,8,10/03/19 08:24:21
13,ELECTRIC_BIKE,41.385487,2.160783,18,18,09/03/19 07:00:56
13,ELECTRIC_BIKE,41.385487,2.160783,18,7,11/03/19 10:28:45
13,ELECTRIC_BIKE,41.385487,2.160783,18,16,01/03/19 14:53:07
13,ELECTRIC_BIKE,41.385487,2.160783,18,7,10/03/19 08:03:01
13,ELECTRIC_BIKE,41.385487,2.160783,18,18,08/03/19 06:56:22
13,ELECTRIC_BIKE,41.385487,2.160783,18,8,02/03/19 07:29:04
13,ELECTRIC_BIKE,41.385487,2.160783,18,17,08/03/19 11:12:13
13,ELECTRIC_BIKE,41.385487,2.160783,18,6,10/03/19 12:58:44
13,ELECTRIC_BIKE,41.385487,2.160783,18,16,07/03/19 11:28:34
13,ELECTRIC_BIKE,41.385487,2.160783,18,5,13/03/19 13:26:02
14,BIKE,41.404508,2.187772,25,11,14/03/19 18:22:45
14,BIKE,41.404508,2.187772,25,18,06/03/19 10:52:48
14,BIKE,41.404508,2.187772,25,15,14/03/19 13:07:49
14,BIKE,41.404508,2.187772,25,9,04/03/19 18:12:00
14,BIKE,41.404508,2.187772,25,19,02/03/19 06:16:22
14,BIKE,41.404508,2.187772,25,11,10/03/19 21:03:37
14,BIKE,41.404508,2.187772,25,9,03/03/19 22:50:51
14,BIKE,41.404508,2.187772,25,18,05/03/19 10:29:15
14,BIKE,41.404508,2.187772,25,9,06/03/19 21:36:15
14,BIKE,41.404508,2.187772,25,15,10/03/19 10:53:25
14,BIKE,41.404508,2.187772,25,11,12/03/19 21:29:34
14,BIKE,41.404508,2.187772,25,10,13/03/19 17:16:59
14,BIKE,41.404508,2.187772,25,13,09/03/19 10:31:00
14,BIKE,41.404508,2.187772,25,20,14/03/19 07:30:23
14,BIKE,41.404508,2.187772,25,14,11/03/19 12:17:08
14,BIKE,41.404508,2.187772,25,11,13/03/19 18:13:35
14,BIKE,41.404508,2.187772,25,15,09/03/19 09:21:34
14,BIKE,41.404508,2.187772,25,12,02/03/19 14:44:26
14,BIKE,41.404508,2.187772,25,16,03/03/19 08:09:39
14,BIKE,41.404508,2.187772,25,14,06/03/19 13:59:49
14,BIKE,41.404508,2.187772,25,19,12/03/19 06:14:49
14,BIKE,41.404508,2.187772,25,5,06/03/19 22:16:06
14,BIKE,41.404508,2.187772,25,15,01/03/19 14:07:46
14,BIKE,41.404508,2.187772,25,8,07/03/19 20:23:54
14,BIKE,41.404508,2.187772,25,16,10/03/19 08:22:03
14,BIKE,41.404508,2.187772,25,19,14/03/19 08:40:35
14,BIKE,41.404508,2.187772,25,17,03/03/19 08:53:57
14,BIKE,41.404508,2.187772,25,11,05/03/19 15:14:14
14,BIKE,41.404508,2.187772,25,13,07/03/19 20:48:22
14,BIKE,41.404508,2.187772,25,11,07/03/19 16:18:09
14,BIKE,41.404508,2.187772,25,14,14/03/19 14:24:19
14,BIKE,41.404508,2.187772,25,9,06/03/19 22:07:10
14,BIKE,41.404508,2.187772,25,19,08/03/19 09:53:07
14,BIKE,41.404508,2.187772,25,17,04/03/19 08:22:23
14,BIKE,41.404508,2.187772,25,13,01/03/19 17:42:25
14,BIKE,41.404508,2.187772,25,9,06/03/19 20:01:36
14,BIKE,41.404508,2.187772,25,18,07/03/19 10:41:32
14,BIKE,41.404508,2.187772,25,15,03/03/19 10:13:57
14,BIKE,41.404508,2.187772,25,13,10/03/19 14:27:39
14,BIKE,41.404508,2.187772,25,13,05/03/19 19:40:10
15,BIKE,41.410455,2.171177,33,22,01/03/19 10:10:05
15,BIKE,41.410455,2.171177,33,13,08/03/19 20:31:23
15,BIKE,41.410455,2.171177,33,23,04/03/19 14:50:48
15,BIKE,41.410455,2.171177,33,16,11/03/19 17:09:38
15,BIKE,41.410455,2.171177,33,15,01/03/19 16:28:03
15,BIKE,41.410455,2.171177,33,20,11/03/19 14:11:48
15,BIKE,41.410455,2.171177,33,15,08/03/19 15:08:26
15,BIKE,41.410455,2.171177,33,14,11/03/19 22:29:47
15,BIKE,41.410455,2.171177,33,22,06/03/19 12:27:32
15,BIKE,41.410455,2.171177,33,10,13/03/19 22:38:21
15,BIKE,41.410455,2.171177,33,13,08/03/19 19:51:39
15,BIKE,41.410455,2.171177,33,23,14/03/19 09:42:56
15,BIKE,41.410455,2.171177,33,13,05/03/19 20:20:43
15,BIKE,41.410455,2.171177,33,18,12/03/19 12:29:22
15,BIKE,41.410455,2.171177,33,23,10/03/19 09:40:08
15,BIKE,41.410455,2.171177,33,17,13/03/19 10:50:55
15,BIKE,41.410455,2.171177,33,22,03/03/19 08:40:23
15,BIKE,41.410455,2.171177,33,20,08/03/19 11:30:17
15,BIKE,41.410455,2.171177,33,23,13/03/19 07:08:52
15,BIKE,41.410455,2.171177,33,18,04/03/19 15:52:37
15,BIKE,41.410455,2.171177,33,9,14/03/19 22:16:59
15,BIKE,41.410455,2.171177,33,13,14/03/19 22:24:33
15,BIKE,41.410455,2.171177,33,11,07/03/19 22:53:02
15,BIKE,41.410455,2.171177,33,20,11/03/19 10:12:43
15,BIKE,41.410455,2.171177,33,20,07/03/19 09:54:51
15,BIKE,41.410455,2.171177,33,13,10/03/19 17:13:47
15,BIKE,41.410455,2.171177,33,12,13/03/19 22:05:35
15,BIKE,41.410455,2.171177,33,11,11/03/19 20:30:51
15,BIKE,41.410455,2.171177,33,22,05/03/19 09:47:02
15,BIKE,41.410455,2.171177,33,17,09/03/19 18:24:04
15,BIKE,41.410455,2.171177,33,20,12/03/19 14:50:01
15,BIKE,41.410455,2.171177,33,22,09/03/19 13:23:39
15,BIKE,41.410455,2.171177,33,18,05/03/19 14:48:54
15,BIKE,41.410455,2.171177,33,15,11/03/19 15:06:15
15,BIKE,41.410455,2.171177,33,14,11/03/19 21:17:16
15,BIKE,41.410455,2.171177,33,15,09/03/19 19:07:44
15,BIKE,41.410455,2.171177,33,27,05/03/19 06:44:27
15,BIKE,41.410455,2.171177,33,15,08/03/19 18:28:46
15,BIKE,41.410455,2.171177,33,23,09/03/19 11:39:09
15,BIKE,41.410455,2.171177,33,22,03/03/19 11:14:30
16,BIKE,41.41535,2.179342,19,10,13/03/19 16:44:58
16,BIKE,41.41535,2.179342,19,7,09/03/19 22:59:30
16,BIKE,41.41535,2.179342,19,14,01/03/19 07:04:34
16,BIKE,41.41535,2.179342,19,11,04/03/19 14:19:12
16,BIKE,41.41535,2.179342,19,13,12/03/19 10:52:50
16,BIKE,41.41535,2.179342,19,8,10/03/19 21:51:02
16,BIKE,41.41535,2.179342,19,10,08/03/19 13:52:53
16,BIKE,41.41535,2.179342,19,10,07/03/19 20:13:33
16,BIKE,41.41535,2.179342,19,7,06/03/19 20:33:28
16,BIKE,41.41535,2.179342,19,15,14/03/19 07:05:06
16,BIKE,41.41535,2.179342,19,8,05/03/19 18:25:16
16,BIKE,41.41535,2.179342,19,8,12/03/19 19:34:35
16,BIKE,41.41535,2.179342,19,10,01/03/19 20:15:25
16,BIKE,41.41535,2.179342,19,6,08/03/19 22:25:58
16,BIKE,41.41535,2.179342,19,7,04/03/19 18:21:31
16,BIKE,41.41535,2.179342,19,7,06/03/19 20:05:22
16,BIKE,41.41535,2.179342,19,8,09/03/19 18:04:04
16,BIKE,41.41535,2.179342,19,14,01/03/19 11:46:01
16,BIKE,41.41535,2.179342,19,8,02/03/19 20:00:52
16,BIKE,41.41535,2.179342,19,10,09/03/19 17:59:10
16,BIKE,41.41535,2.179342,19,8,10/03/19 17:53:49
16,BIKE,41.41535,2.179342,19,7,01/03/19 22:59:24
16,BIKE,41.41535,2.179342,19,9,14/03/19 18:47:04
16,BIKE,41.41535,2.179342,19,14,07/03/19 11:00:02
16,BIKE,41.41535,2.179342,19,11,14/03/19 11:06:53
16,BIKE,41.41535,2.179342,19,13,02/03/19 11:19:21
16,BIKE,41.41535,2.179342,19,14,13/03/19 08:10:30
16,BIKE,41.41535,2.179342,19,13,10/03/19 07:03:13
16,BIKE,41.41535,2.179342,19,9,12/03/19 18:55:53
16,BIKE,41.41535,2.179342,19,8,12/03/19 19:54:20
16,BIKE,41.41535,2.179342,19,11,03/03/19 08:46:05
16,BIKE,41.41535,2.179342,19,12,03/03/19 12:15:17
16,BIKE,41.41535,2.179342,19,8,14/03/19 21:51:49
16,BIKE,41.41535,2.179342,19,7,07/03/19 20:49:21
16,BIKE,41.41535,2.179342,19,8,03/03/19 16:19:50
16,BIKE,41.41535,2.179342,19,8,09/03/19 22:07:28
16,BIKE,41.41535,2.179342,19,12,13/03/19 11:08:35
16,BIKE,41.41535,2.179342,19,9,04/03/19 20:24:40
16,BIKE,41.41535,2.179342,19,9,13/03/19 21:49:12
16,BIKE,41.41535,2.179342,19,9,01/03/19 16:04:05
17,ELECTRIC_BIKE,41.45955,2.12732,25,25,09/03/19 08:25:46
17,ELECTRIC_BIKE,41.45955,2.12732,25,9,06/03/19 10:21:46
17,ELECTRIC_BIKE,41.45955,2.12732,25,21,08/03/19 14:53:58
17,ELECTRIC_BIKE,41.45955,2.12732,25,7,09/03/19 10:09:36
17,ELECTRIC_BIKE,41.45955,2.12732,25,25,03/03/19 07:39:32
17,ELECTRIC_BIKE,41.45955,2.12732,25,10,01/03/19 08:19:23
17,ELECTRIC_BIKE,41.45955,2.12732,25,16,08/03/19 22:38:29
17,ELECTRIC_BIKE,41.45955,2.12732,25,8,14/03/19 12:49:11
17,ELECTRIC_BIKE,41.45955,2.12732,25,19,05/03/19 15:49:36
17,ELECTRIC_BIKE,41.45955,2.12732,25,8,08/03/19 13:50:01
17,ELECTRIC_BIKE,41.45955,2.12732,25,18,02/03/19 19:17:56
17,ELECTRIC_BIKE,41.45955,2.12732,25,12,05/03/19 07:16:26
17,ELECTRIC_BIKE,41.45955,2.12732,25,24,02/03/19 10:07:53
17,ELECTRIC_BIKE,41.45955,2.12732,25,7,02/03/19 15:15:56
17,ELECTRIC_BIKE,41.45955,2.12732,25,18,12/03/19 19:07:50
17,ELECTRIC_BIKE,41.45955,2.12732,25,6,13/03/19 13:47:01
17,ELECTRIC_BIKE,41.45955,2.12732,25,18,13/03/19 17:02:36
17,ELECTRIC_BIKE,41.45955,2.12732,25,5,11/03/19 19:11:57
17,ELECTRIC_BIKE,41.45955,2.12732,25,20,02/03/19 16:47:35
17,ELECTRIC_BIKE,41.45955,2.12732,25,4,13/03/19 19:46:00
17,ELECTRIC_BIKE,41.45955,2.12732,25,15,01/03/19 22:58:53
17,ELECTRIC_BIKE,41.45955,2.12732,25,10,04/03/19 09:23:46
17,ELECTRIC_BIKE,41.45955,2.12732,25,21,04/03/19 13:02:18
17,ELECTRIC_BIKE,41.45955,2.12732,25,10,11/03/19 09:48:08
17,ELECTRIC_BIKE,41.45955,2.12732,25,21,02/03/19 13:17:39
17,ELECTRIC_BIKE,41.45955,2.12732,25,13,14/03/19 06:46:48
17,ELECTRIC_BIKE,41.45955,2.12732,25,19,03/03/19 17:01:25
17,ELECTRIC_BIKE,41.45955,2.12732,25,9,13/03/19 10:02:25
17,ELECTRIC_BIKE,41.45955,2.12732,25,16,09/03/19 20:35:15
17,ELECTRIC_BIKE,41.45955,2.12732,25,4,04/03/19 18:41:16
17,ELECTRIC_BIKE,41.45955,2.12732,25,23,06/03/19 11:33:36
17,ELECTRIC_BIKE,41.45955,2.12732,25,8,02/03/19 13:31:00
17,ELECTRIC_BIKE,41.45955,2.12732,25,19,07/03/19 17:35:20
17,ELECTRIC_BIKE,41.45955,2.12732,25,7,10/03/19 13:07:38
17,ELECTRIC_BIKE,41.45955,2.12732,25,24,03/03/19 09:03:11
17,ELECTRIC_BIKE,41.45955,2.12732,25,11,14/03/19 06:20:10
17,ELECTRIC_BIKE,41.45955,2.12732,25,21,10/03/19 15:32:43
17,ELECTRIC_BIKE,41.45955,2.12732,25,6,06/03/19 15:14:57
17,ELECTRIC_BIKE,41.45955,2.12732,25,19,05/03/19 19:10:52
17,ELECTRIC_BIKE,41.45955,2.12732,25,10,11/03/19 08:26:45
18,ELECTRIC_BIKE,41.439266,2.163292,36,36,06/03/19 07:24:52
18,ELECTRIC_BIKE,41.439266,2.163292,36,7,14/03/19 18:16:02
18,ELECTRIC_BIKE,41.439266,2.163292,36,26,07/03/19 18:55:37
18,ELECTRIC_BIKE,41.439266,2.163292,36,4,10/03/19 19:56:16
18,ELECTRIC_BIKE,41.439266,2.163292,36,36,13/03/19 06:02:26
18,ELECTRIC_BIKE,41.439266,2.163292,36,7,14/03/19 17:28:31
18,ELECTRIC_BIKE,41.439266,2.163292,36,23,04/03/19 22:14:52
18,ELECTRIC_BIKE,41.439266,2.163292,36,6,07/03/19 18:20:27
18,ELECTRIC_BIKE,41.439266,2.163292,36,32,11/03/19 13:01:26
18,ELECTRIC_BIKE,41.439266,2.163292,36,11,06/03/19 14:04:32
18,ELECTRIC_BIKE,41.439266,2.163292,36,32,05/03/19 12:02:17
18,ELECTRIC_BIKE,41.439266,2.163292,36,17,09/03/19 06:07:05
18,ELECTRIC_BIKE,41.439266,2.163292,36,26,13/03/19 18:38:59
18,ELECTRIC_BIKE,41.439266,2.163292,36,9,07/03/19 15:04:28
18,ELECTRIC_BIKE,41.439266,2.163292,36,31,06/03/19 14:53:54
18,ELECTRIC_BIKE,41.439266,2.163292,36,3,11/03/19 21:48:00
18,ELECTRIC_BIKE,41.439266,2.163292,36,27,08/03/19 18:16:01
18,ELECTRIC_BIKE,41.439266,2.163292,36,2,05/03/19 22:41:23
18,ELECTRIC_BIKE,41.439266,2.163292,36,35,13/03/19 07:57:13
18,ELECTRIC_BIKE,41.439266,2.163292,36,1,09/03/19 22:06:23
18,ELECTRIC_BIKE,41.439266,2.163292,36,30,10/03/19 15:33:26
18,ELECTRIC_BIKE,41.439266,2.163292,36,12,12/03/19 12:27:29
18,ELECTRIC_BIKE,41.439266,2.163292,36,31,02/03/19 15:18:04
18,ELECTRIC_BIKE,41.439266,2.163292,36,17,12/03/19 06:17:29
18,ELECTRIC_BIKE,41.439266,2.163292,36,25,02/03/19 21:05:23
18,ELECTRIC_BIKE,41.439266,2.163292,36,9,01/03/19 16:38:05
18,ELECTRIC_BIKE,41.439266,2.163292,36,36,14/03/19 06:11:57
18,ELECTRIC_BIKE,41.439266,2.163292,36,3,04/03/19 21:25:12
18,ELECTRIC_BIKE,41.439266,2.163292,36,31,01/03/19 13:55:10
18,ELECTRIC_BIKE,41.439266,2.163292,36,15,10/03/19 08:20:52
18,ELECTRIC_BIKE,41.439266,2.163292,36,27,05/03/19 16:18:08
18,ELECTRIC_BIKE,41.439266,2.163292,36,17,06/03/19 07:55:59
18,ELECTRIC_BIKE,41.439266,2.163292,36,30,14/03/19 15:35:13
18,ELECTRIC_BIKE,41.439266,2.163292,36,6,08/03/19 18:34:13
18,ELECTRIC_BIKE,41.439266,2.163292,36,36,01/03/19 07:13:44
18,ELECTRIC_BIKE,41.439266,2.163292,36,5,10/03/19 19:38:22
18,ELECTRIC_BIKE,41.439266,2.163292,36,28,03/03/19 16:22:32
18,ELECTRIC_BIKE,41.439266,2.163292,36,12,05/03/19 11:32:01
18,ELECTRIC_BIKE,41.439266,2.163292,36,34,03/03/19 09:23:32
18,ELECTRIC_BIKE,41.439266,2.163292,36,17,13/03/19 06:04:41
19,BIKE,41.422218,2.160622,36,26,02/03/19 09:52:44
19,BIKE,41.422218,2.160622,36,25,08/03/19 10:41:51
19,BIKE,41.422218,2.160622,36,14,07/03/19 20:57:13
19,BIKE,41.422218,2.160622,36,20,08/03/19 14:18:23
19,BIKE,41.422218,2.160622,36,23,09/03/19 09:16:47
19,BIKE,41.422218,2.160622,36,20,02/03/19 18:08:08
19,BIKE,41.422218,2.160622,36,22,05/03/19 13:18:46
19,BIKE,41.422218,2.160622,36,12,08/03/19 20:19:38
19,BIKE,41.422218,2.160622,36,16,02/03/19 18:11:25
19,BIKE,41.422218,2.160622,36,15,12/03/19 21:15:19
19,BIKE,41.422218,2.160622,36,17,12/03/19 18:17:14
19,BIKE,41.422218,2.160622,36,30,08/03/19 07:51:36
19,BIKE,41.422218,2.160622,36,22,12/03/19 15:26:42
19,BIKE,41.422218,2.160622,36,20,07/03/19 13:49:08
19,BIKE,41.422218,2.160622,36,15,08/03/19 19:02:02
19,BIKE,41.422218,2.160622,36,22,07/03/19 08:11:19
19,BIKE,41.422218,2.160622,36,21,02/03/19 13:57:02
19,BIKE,41.422218,2.160622,36,15,03/03/19 20:03:17
19,BIKE,41.422218,2.160622,36,24,08/03/19 16:04:42
19,BIKE,41.422218,2.160622,36,27,02/03/19 06:31:39
19,BIKE,41.422218,2.160622,36,11,09/03/19 19:17:59
19,BIKE,41.422218,2.160622,36,20,05/03/19 12:11:48
19,BIKE,41.422218,2.160622,36,17,06/03/19 17:36:53
19,BIKE,41.422218,2.160622,36,14,13/03/19 17:36:35
19,BIKE,41.422218,2.160622,36,16,13/03/19 16:11:12
19,BIKE,41.422218,2.160622,36,20,07/03/19 13:32:19
19,BIKE,41.422218,2.160622,36,22,06/03/19 12:27:23
19,BIKE,41.422218,2.160622,36,26,12/03/19 07:50:57
19,BIKE,41.422218,2.160622,36,17,08/03/19 15:04:41
19,BIKE,41.422218,2.160622,36,25,11/03/19 10:13:15
19,BIKE,41.422218,2.160622,36,20,02/03/19 12:33:20
19,BIKE,41.422218,2.160622,36,24,10/03/19 08:02:19
19,BIKE,41.422218,2.160622,36,13,08/03/19 18:50:47
19,BIKE,41.422218,2.160622,36,12,03/03/19 21:58:38
19,BIKE,41.422218,2.160622,36,23,11/03/19 12:19:41
19,BIKE,41.422218,2.160622,36,17,08/03/19 13:46:20
19,BIKE,41.422218,2.160622,36,21,11/03/19 13:14:15
19,BIKE,41.422218,2.160622,36,28,12/03/19 07:56:56
19,BIKE,41.422218,2.160622,36,15,04/03/19 18:12:15
19,BIKE,41.422218,2.160622,36,15,12/03/19 20:00:45
20,ELECTRIC_BIKE,41.458896,2.189707,22,19,14/03/19 14:04:07
20,ELECTRIC_BIKE,41.458896,2.189707,22,10,08/03/19 07:27:14
20,ELECTRIC_BIKE,41.458896,2.189707,22,21,11/03/19 11:02:03
20,ELECTRIC_BIKE,41.458896,2.189707,22,10,11/03/19 08:58:01
20,ELECTRIC_BIKE,41.458896,2.189707,22,15,06/03/19 20:37:26
20,ELECTRIC_BIKE,41.458896,2.189707,22,3,12/03/19 19:34:59
20,ELECTRIC_BIKE,41.458896,2.189707,22,19,06/03/19 12:37:26
20,ELECTRIC_BIKE,41.458896,2.189707,22,6,13/03/19 12:25:00
20,ELECTRIC_BIKE,41.458896,2.189707,22,15,11/03/19 20:53:43
20,ELECTRIC_BIKE,41.458896,2.189707,22,10,08/03/19 07:42:20
20,ELECTRIC_BIKE,41.458896,2.189707,22,14,03/03/19 19:25:43
20,ELECTRIC_BIKE,41.458896,2.189707,22,2,12/03/19 22:17:51
20,ELECTRIC_BIKE,41.458896,2.189707,22,19,09/03/19 13:08:14
20,ELECTRIC_BIKE,41.458896,2.189707,22,4,08/03/19 18:18:31
20,ELECTRIC_BIKE,41.458896,2.189707,22,15,11/03/19 18:21:24
20,ELECTRIC_BIKE,41.458896,2.189707,22,3,14/03/19 21:04:03
20,ELECTRIC_BIKE,41.458896,2.189707,22,22,08/03/19 06:55:29
20,ELECTRIC_BIKE,41.458896,2.189707,22,3,06/03/19 17:15:10
20,ELECTRIC_BIKE,41.458896,2.189707,22,19,13/03/19 12:32:31
20,ELECTRIC_BIKE,41.458896,2.189707,22,3,10/03/19 20:03:30
20,ELECTRIC_BIKE,41.458896,2.189707,22,16,07/03/19 20:33:39
20,ELECTRIC_BIKE,41.458896,2.189707,22,9,03/03/19 10:38:15
20,ELECTRIC_BIKE,41.458896,2.189707,22,18,07/03/19 15:04:00
20,ELECTRIC_BIKE,41.458896,2.189707,22,5,14/03/19 14:58:05
20,ELECTRIC_BIKE,41.458896,2.189707,22,17,04/03/19 15:09:01
20,ELECTRIC_BIKE,41.458896,2.189707,22,2,14/03/19 20:15:30
20,ELECTRIC_BIKE,41.458896,2.189707,22,16,13/03/19 17:44:34
20,ELECTRIC_BIKE,41.458896,2.189707,22,3,12/03/19 18:20:37
20,ELECTRIC_BIKE,41.458896,2.189707,22,17,05/03/19 17:52:03
20,ELECTRIC_BIKE,41.458896,2.189707,22,9,12/03/19 10:14:26
20,ELECTRIC_BIKE,41.458896,2.189707,22,18,10/03/19 15:18:46
20,ELECTRIC_BIKE,41.458896,2.189707,22,7,13/03/19 12:41:53
20,ELECTRIC_BIKE,41.458896,2.189707,22,18,06/03/19 13:51:08
20,ELECTRIC_BIKE,41.458896,2.189707,22,9,09/03/19 07:53:46
20,ELECTRIC_BIKE,41.458896,2.189707,22,21,14/03/19 09:17:21
20,ELECTRIC_BIKE,41.458896,2.189707,22,8,13/03/19 11:31:21
20,ELECTRIC_BIKE,41.458896,2.189707,22,21,14/03/19 10:24:47
20,ELECTRIC_BIKE,41.458896,2.189707,22,5,02/03/19 16:40:44
20,ELECTRIC_BIKE,41.458896,2.189707,22,21,01/03/19 10:13:01
20,ELECTRIC_BIKE,41.458896,2.189707,22,8,02/03/19 10:50:36
21,ELECTRIC_BIKE,41.381531,2.148901,18,16,14/03/19 13:42:15
21,ELECTRIC_BIKE,41.381531,2.148901,18,5,06/03/19 15:10:21
21,ELECTRIC_BIKE,41.381531,2.148901,18,11,09/03/19 22:18:02
21,ELECTRIC_BIKE,41.381531,2.148901,18,5,06/03/19 14:20:37
21,ELECTRIC_BIKE,41.381531,2.148901,18,16,02/03/19 11:55:57
21,ELECTRIC_BIKE,41.381531,2.148901,18,6,13/03/19 11:27:55
21,ELECTRIC_BIKE,41.381531,2.148901,18,15,07/03/19 13:36:45
21,ELECTRIC_BIKE,41.381531,2.148901,18,2,05/03/19 21:55:52
21,ELECTRIC_BIKE,41.381531,2.148901,18,16,01/03/19 12:23:19
21,ELECTRIC_BIKE,41.381531,2.148901,18,7,02/03/19 10:56:55
21,ELECTRIC_BIKE,41.381531,2.148901,18,14,08/03/19 15:17:25
21,ELECTRIC_BIKE,41.381531,2.148901,18,3,11/03/19 19:00:44
21,ELECTRIC_BIKE,41.381531,2.148901,18,11,03/03/19 22:06:47
21,ELECTRIC_BIKE,41.381531,2.148901,18,6,08/03/19 10:41:26
21,ELECTRIC_BIKE,41.381531,2.148901,18,12,06/03/19 21:22:56
21,ELECTRIC_BIKE,41.381531,2.148901,18,3,10/03/19 20:50:50
21,ELECTRIC_BIKE,41.381531,2.148901,18,16,05/03/19 12:31:46
21,ELECTRIC_BIKE,41.381531,2.148901,18,5,13/03/19 11:41:54
21,ELECTRIC_BIKE,41.381531,2.148901,18,16,09/03/19 10:21:30
21,ELECTRIC_BIKE,41.381531,2.148901,18,7,03/03/19 11:35:06
21,ELECTRIC_BIKE,41.381531,2.148901,18,12,12/03/19 21:41:03
21,ELECTRIC_BIKE,41.381531,2.148901,18,7,10/03/19 11:22:28
21,ELECTRIC_BIKE,41.381531,2.148901,18,14,14/03/19 14:29:40
21,ELECTRIC_BIKE,41.381531,2.148901,18,2,13/03/19 21:50:05
21,ELECTRIC_BIKE,41.381531,2.148901,18,13,05/03/19 17:55:25
21,ELECTRIC_BIKE,41.381531,2.148901,18,8,10/03/19 08:21:39
21,ELECTRIC_BIKE,41.381531,2.148901,18,18,08/03/19 07:04:54
21,ELECTRIC_BIKE,41.381531,2.148901,18,8,07/03/19 09:50:07
21,ELECTRIC_BIKE,41.381531,2.148901,18,12,01/03/19 20:26:02
21,ELECTRIC_BIKE,41.381531,2.148901,18,6,12/03/19 09:58:58
21,ELECTRIC_BIKE,41.381531,2.148901,18,16,06/03/19 11:45:32
21,ELECTRIC_BIKE,41.381531,2.148901,18,4,01/03/19 15:22:12
21,ELECTRIC_BIKE,41.381531,2.148901,18,14,14/03/19 14:51:14
21,ELECTRIC_BIKE,41.381531,2.148901,18,9,06/03/19 07:32:50
21,ELECTRIC_BIKE,41.381531,2.148901,18,18,02/03/19 09:42:22
21,ELECTRIC_BIKE,41.381531,2.148901,18,1,07/03/19 22:53:05
21,ELECTRIC_BIKE,41.381531,2.148901,18,15,13/03/19 13:34:44
21,ELECTRIC_BIKE,41.381531,2.148901,18,7,11/03/19 10:56:59
21,ELECTRIC_BIKE,41.381531,2.148901,18,12,10/03/19 20:23:13
21,ELECTRIC_BIKE,41.381531,2.148901,18,6,05/03/19 13:22:19
22,BIKE,41.376021,2.167855,30,12,05/03/19 20:38:42
22,BIKE,41.376021,2.167855,30,24,04/03/19 08:24:04
22,BIKE,41.376021,2.167855,30,16,11/03/19 14:42:29
22,BIKE,41.376021,2.167855,30,13,12/03/19 19:31:51
22,BIKE,41.376021,2.167855,30,14,05/03/19 19:44:35
22,BIKE,41.376021,2.167855,30,17,05/03/19 17:49:55
22,BIKE,41.376021,2.167855,30,17,13/03/19 13:34:17
22,BIKE,41.376021,2.167855,30,14,14/03/19 20:54:20
22,BIKE,41.376021,2.167855,30,19,02/03/19 12:46:49
22,BIKE,41.376021,2.167855,30,14,04/03/19 17:51:47
22,BIKE,41.376021,2.167855,30,16,02/03/19 15:01:47
22,BIKE,41.376021,2.167855,30,19,06/03/19 11:00:42
22,BIKE,41.376021,2.167855,30,19,11/03/19 09:38:50
22,BIKE,41.376021,2.167855,30,18,09/03/19 15:19:10
22,BIKE,41.376021,2.167855,30,16,07/03/19 11:52:02
22,BIKE,41.376021,2.167855,30,19,03/03/19 14:23:46
22,BIKE,41.376021,2.167855,30,15,03/03/19 18:44:03
22,BIKE,41.376021,2.167855,30,13,11/03/19 19:14:39
22,BIKE,41.376021,2.167855,30,11,08/03/19 19:37:54
22,BIKE,41.376021,2.167855,30,16,01/03/19 14:54:06
22,BIKE,41.376021,2.167855,30,23,05/03/19 06:51:36
22,BIKE,41.376021,2.167855,30,22,10/03/19 09:21:16
22,BIKE,41.376021,2.167855,30,14,08/03/19 18:28:27
22,BIKE,41.376021,2.167855,30,17,11/03/19 16:32:26
22,BIKE,41.376021,2.167855,30,12,11/03/19 19:20:37
22,BIKE,41.376021,2.167855,30,17,02/03/19 14:29:19
22,BIKE,41.376021,2.167855,30,14,12/03/19 13:57:09
22,BIKE,41.376021,2.167855,30,21,09/03/19 10:52:30
22,BIKE,41.376021,2.167855,30,22,01/03/19 07:18:51
22,BIKE,41.376021,2.167855,30,20,14/03/19 08:41:06
22,BIKE,41.376021,2.167855,30,16,09/03/19 17:56:25
22,BIKE,41.376021,2.167855,30,17,04/03/19 15:21:23
22,BIKE,41.376021,2.167855,30,14,14/03/19 10:50:16
22,BIKE,41.376021,2.167855,30,18,01/03/19 12:47:47
22,BIKE,41.376021,2.167855,30,12,07/03/19 16:53:48
22,BIKE,41.376021,2.167855,30,20,01/03/19 12:05:06
22,BIKE,41.376021,2.167855,30,22,11/03/19 12:55:27
22,BIKE,41.376021,2.167855,30,19,11/03/19 10:58:10
22,BIKE,41.376021,2.167855,30,15,02/03/19 16:14:26
22,BIKE,41.376021,2.167855,30,11,05/03/19 21:37:11
23,BIKE,41.421254,2.12474,18,12,13/03/19 10:05:34
23,BIKE,41.421254,2.12474,18,12,04/03/19 10:36:23
23,BIKE,41.421254,2.12474,18,11,09/03/19 14:42:08
23,BIKE,41.421254,2.12474,18,11,08/03/19 09:44:02
23,BIKE,41.421254,2.12474,18,12,13/03/19 14:51:58
23,BIKE,41.421254,2.12474,18,6,11/03/19 21:17:24
23,BIKE,41.421254,2.12474,18,9,12/03/19 16:06:48
23,BIKE,41.421254,2.12474,18,14,02/03/19 08:49:18
23,BIKE,41.421254,2.12474,18,13,13/03/19 09:01:27
23,BIKE,41.421254,2.12474,18,12,07/03/19 07:13:46
23,BIKE,41.421254,2.12474,18,6,01/03/19 22:14:58
23,BIKE,41.421254,2.12474,18,11,02/03/19 11:46:38
23,BIKE,41.421254,2.12474,18,12,11/03/19 10:26:00
23,BIKE,41.421254,2.12474,18,8,13/03/19 20:50:32
23,BIKE,41.421254,2.12474,18,10,03/03/19 11:40:06
23,BIKE,41.421254,2.12474,18,13,05/03/19 09:50:06
23,BIKE,41.421254,2.12474,18,12,04/03/19 10:47:17
23,BIKE,41.421254,2.12474,18,11,13/03/19 12:52:20
23,BIKE,41.421254,2.12474,18,14,05/03/19 07:16:38
23,BIKE,41.421254,2.12474,18,11,10/03/19 16:21:22
23,BIKE,41.421254,2.12474,18,11,09/03/19 13:37:17
23,BIKE,41.421254,2.12474,18,7,06/03/19 22:34:37
23,BIKE,41.421254,2.12474,18,8,09/03/19 19:46:40
23,BIKE,41.421254,2.12474,18,13,03/03/19 12:48:20
23,BIKE,41.421254,2.12474,18,6,14/03/19 18:18:57
23,BIKE,41.421254,2.12474,18,9,13/03/19 19:07:42
23,BIKE,41.421254,2.12474,18,12,01/03/19 09:44:59
23,BIKE,41.421254,2.12474,18,12,07/03/19 08:41:37
23,BIKE,41.421254,2.12474,18,12,03/03/19 08:16:39
23,BIKE,41.421254,2.12474,18,11,07/03/19 06:03:28
23,BIKE,41.421254,2.12474,18,11,06/03/19 11:01:23
23,BIKE,41.421254,2.12474,18,7,13/03/19 19:14:58
23,BIKE,41.421254,2.12474,18,8,12/03/19 19:16:49
23,BIKE,41.421254,2.12474,18,9,05/03/19 12:12:15
23,BIKE,41.421254,2.12474,18,11,08/03/19 14:03:41
23,BIKE,41.421254,2.12474,18,8,06/03/19 19:10:49
23,BIKE,41.421254,2.12474,18,6,08/03/19 21:20:03
23,BIKE,41.421254,2.12474,18,11,13/03/19 10:05:34
23,BIKE,41.421254,2.12474,18,8,11/03/19 17:12:04
23,BIKE,41.421254,2.12474,18,8,01/03/19 16:26:26
24,BIKE,41.364394,2.151011,23,11,10/03/19 16:50:54
24,BIKE,41.364394,2.151011,23,10,11/03/19 19:52:29
24,BIKE,41.364394,2.151011,23,10,05/03/19 19:24:05
24,BIKE,41.364394,2.151011,23,12,11/03/19 12:07:26
24,BIKE,41.364394,2.151011,23,10,02/03/19 18:16:43
24,BIKE,41.364394,2.151011,23,16,02/03/19 06:40:45
24,BIKE,41.364394,2.151011,23,15,07/03/19 11:24:07
24,BIKE,41.364394,2.151011,23,18,06/03/19 09:34:53
24,BIKE,41.364394,2.151011,23,16,13/03/19 10:44:39
24,BIKE,41.364394,2.151011,23,8,12/03/19 21:39:51
24,BIKE,41.364394,2.151011,23,11,09/03/19 13:51:00
24,BIKE,41.364394,2.151011,23,15,08/03/19 07:05:29
24,BIKE,41.364394,2.151011,23,10,01/03/19 14:17:57
24,BIKE,41.364394,2.151011,23,18,03/03/19 07:02:40
24,BIKE,41.364394,2.151011,23,15,07/03/19 08:31:08
24,BIKE,41.364394,2.151011,23,14,06/03/19 12:36:29
24,BIKE,41.364394,2.151011,23,12,06/03/19 13:15:07
24,BIKE,41.364394,2.151011,23,16,08/03/19 09:03:56
24,BIKE,41.364394,2.151011,23,13,09/03/19 16:27:40
24,BIKE,41.364394,2.151011,23,12,06/03/19 14:10:55
24,BIKE,41.364394,2.151011,23,16,09/03/19 08:11:49
24,BIKE,41.364394,2.151011,23,9,02/03/19 19:22:10
24,BIKE,41.364394,2.151011,23,17,14/03/19 08:56:10
24,BIKE,41.364394,2.151011,23,12,08/03/19 12:21:13
24,BIKE,41.364394,2.151011,23,15,05/03/19 08:42:57
24,BIKE,41.364394,2.151011,23,6,07/03/19 22:22:13
24,BIKE,41.364394,2.151011,23,13,06/03/19 10:24:31
24,BIKE,41.364394,2.151011,23,10,05/03/19 20:08:19
24,BIKE,41.364394,2.151011,23,12,09/03/19 22:11:42
24,BIKE,41.364394,2.151011,23,14,13/03/19 09:46:09
24,BIKE,41.364394,2.151011,23,19,13/03/19 06:25:43
24,BIKE,41.364394,2.151011,23,18,03/03/19 06:17:07
24,BIKE,41.364394,2.151011,23,14,10/03/19 09:59:16
24,BIKE,41.364394,2.151011,23,13,11/03/19 12:52:22
24,BIKE,41.364394,2.151011,23,16,07/03/19 08:15:15
24,BIKE,41.364394,2.151011,23,7,10/03/19 22:26:38
24,BIKE,41.364394,2.151011,23,15,12/03/19 14:34:43
24,BIKE,41.364394,2.151011,23,7,02/03/19 20:09:42
24,BIKE,41.364394,2.151011,23,18,07/03/19 06:25:53
24,BIKE,41.364394,2.151011,23,17,01/03/19 08:17:31
25,ELECTRIC_BIKE,41.363568,2.145843,27,23,14/03/19 13:48:08
25,ELECTRIC_BIKE,41.363568,2.145843,27,11,08/03/19 08:05:52
25,ELECTRIC_BIKE,41.363568,2.145843,27,26,04/03/19 08:59:21
25,ELECTRIC_BIKE,41.363568,2.145843,27,12,01/03/19 06:14:47
25,ELECTRIC_BIKE,41.363568,2.145843,27,26,02/03/19 10:19:25
25,ELECTRIC_BIKE,41.363568,2.145843,27,4,04/03/19 18:04:01
25,ELECTRIC_BIKE,41.363568,2.145843,27,18,12/03/19 19:54:04
25,ELECTRIC_BIKE,41.363568,2.145843,27,7,14/03/19 14:49:48
25,ELECTRIC_BIKE,41.363568,2.145843,27,25,05/03/19 09:04:59
25,ELECTRIC_BIKE,41.363568,2.145843,27,10,05/03/19 13:31:26
25,ELECTRIC_BIKE,41.363568,2.145843,27,19,12/03/19 16:23:10
25,ELECTRIC_BIKE,41.363568,2.145843,27,12,02/03/19 08:36:55
25,ELECTRIC_BIKE,41.363568,2.145843,27,24,09/03/19 12:20:16
25,ELECTRIC_BIKE,41.363568,2.145843,27,3,09/03/19 19:57:12
25,ELECTRIC_BIKE,41.363568,2.145843,27,23,08/03/19 13:13:03
25,ELECTRIC_BIKE,41.363568,2.145843,27,8,12/03/19 14:49:37
25,ELECTRIC_BIKE,41.363568,2.145843,27,20,02/03/19 19:16:06
25,ELECTRIC_BIKE,41.363568,2.145843,27,5,04/03/19 17:38:11
25,ELECTRIC_BIKE,41.363568,2.145843,27,25,12/03/19 08:25:05
25,ELECTRIC_BIKE,41.363568,2.145843,27,7,05/03/19 16:31:34
25,ELECTRIC_BIKE,41.363568,2.145843,27,19,01/03/19 21:31:42
25,ELECTRIC_BIKE,41.363568,2.145843,27,10,07/03/19 09:37:46
25,ELECTRIC_BIKE,41.363568,2.145843,27,16,14/03/19 21:04:47
25,ELECTRIC_BIKE,41.363568,2.145843,27,8,12/03/19 15:03:50
25,ELECTRIC_BIKE,41.363568,2.145843,27,20,13/03/19 17:58:44
25,ELECTRIC_BIKE,41.363568,2.145843,27,10,04/03/19 11:15:07
25,ELECTRIC_BIKE,41.363568,2.145843,27,27,05/03/19 06:21:18
25,ELECTRIC_BIKE,41.363568,2.145843,27,12,03/03/19 06:14:20
25,ELECTRIC_BIKE,41.363568,2.145843,27,20,02/03/19 17:38:24
25,ELECTRIC_BIKE,41.363568,2.145843,27,3,04/03/19 22:59:53
25,ELECTRIC_BIKE,41.363568,2.145843,27,22,13/03/19 16:24:58
25,ELECTRIC_BIKE,41.363568,2.145843,27,7,10/03/19 12:19:33
25,ELECTRIC_BIKE,41.363568,2.145843,27,18,07/03/19 19:20:39
25,ELECTRIC_BIKE,41.363568,2.145843,27,3,07/03/19 22:01:29
25,ELECTRIC_BIKE,41.363568,2.145843,27,25,02/03/19 09:05:17
25,ELECTRIC_BIKE,41.363568,2.145843,27,11,07/03/19 07:02:35
25,ELECTRIC_BIKE,41.363568,2.145843,27,17,07/03/19 22:19:22
25,ELECTRIC_BIKE,41.363568,2.145843,27,13,11/03/19 06:59:42
25,ELECTRIC_BIKE,41.363568,2.145843,27,18,04/03/19 21:08:19
25,ELECTRIC_BIKE,41.363568,2.145843,27,11,13/03/19 08:32:08
26,ELECTRIC_BIKE,41.411489,2.132016,34,34,06/03/19 07:12:40
26,ELECTRIC_BIKE,41.411489,2.132016,34,12,01/03/19 10:02:45
26,ELECTRIC_BIKE,41.411489,2.132016,34,31,09/03/19 11:50:24
26,ELECTRIC_BIKE,41.411489,2.132016,34,11,09/03/19 11:07:29
26,ELECTRIC_BIKE,41.411489,2.132016,34,34,13/03/19 06:08:10
26,ELECTRIC_BIKE,41.411489,2.132016,34,4,08/03/19 20:49:56
26,ELECTRIC_BIKE,41.411489,2.132016,34,24,12/03/19 20:14:59
26,ELECTRIC_BIKE,41.411489,2.132016,34,7,04/03/19 17:11:57
26,ELECTRIC_BIKE,41.411489,2.132016,34,22,03/03/19 21:56:00
26,ELECTRIC_BIKE,41.411489,2.132016,34,4,10/03/19 21:11:34
26,ELECTRIC_BIKE,41.411489,2.132016,34,22,07/03/19 22:49:29
26,ELECTRIC_BIKE,41.411489,2.132016,34,12,12/03/19 12:18:41
26,ELECTRIC_BIKE,41.411489,2.132016,34,27,07/03/19 16:33:34
26,ELECTRIC_BIKE,41.411489,2.132016,34,8,12/03/19 18:18:58
26,ELECTRIC_BIKE,41.411489,2.132016,34,27,14/03/19 17:20:29
26,ELECTRIC_BIKE,41.411489,2.132016,34,5,14/03/19 19:55:25
26,ELECTRIC_BIKE,41.411489,2.132016,34,25,02/03/19 17:54:26
26,ELECTRIC_BIKE,41.411489,2.132016,34,12,14/03/19 12:10:58
26,ELECTRIC_BIKE,41.411489,2.132016,34,28,08/03/19 15:43:21
26,ELECTRIC_BIKE,41.411489,2.132016,34,13,06/03/19 09:08:14
26,ELECTRIC_BIKE,41.411489,2.132016,34,20,13/03/19 22:17:24
26,ELECTRIC_BIKE,41.411489,2.132016,34,1,03/03/19 21:04:24
26,ELECTRIC_BIKE,41.411489,2.132016,34,27,06/03/19 16:38:04
26,ELECTRIC_BIKE,41.411489,2.132016,34,6,12/03/19 19:43:53
26,ELECTRIC_BIKE,41.411489,2.132016,34,32,04/03/19 11:44:22
26,ELECTRIC_BIKE,41.411489,2.132016,34,10,14/03/19 12:46:43
26,ELECTRIC_BIKE,41.411489,2.132016,34,29,08/03/19 14:23:36
26,ELECTRIC_BIKE,41.411489,2.132016,34,12,08/03/19 10:10:47
26,ELECTRIC_BIKE,41.411489,2.132016,34,34,05/03/19 06:00:43
26,ELECTRIC_BIKE,41.411489,2.132016,34,11,02/03/19 12:26:00
26,ELECTRIC_BIKE,41.411489,2.132016,34,24,13/03/19 18:55:55
26,ELECTRIC_BIKE,41.411489,2.132016,34,12,01/03/19 10:26:07
26,ELECTRIC_BIKE,41.411489,2.132016,34,24,02/03/19 17:36:32
26,ELECTRIC_BIKE,41.411489,2.132016,34,7,02/03/19 16:55:27
26,ELECTRIC_BIKE,41.411489,2.132016,34,27,03/03/19 13:51:04
26,ELECTRIC_BIKE,41.411489,2.132016,34,6,11/03/19 18:44:13
26,ELECTRIC_BIKE,41.411489,2.132016,34,23,02/03/19 20:35:55
26,ELECTRIC_BIKE,41.411489,2.132016,34,3,03/03/19 22:13:59
26,ELECTRIC_BIKE,41.411489,2.132016,34,25,10/03/19 18:44:09
26,ELECTRIC_BIKE,41.411489,2.132016,34,14,01/03/19 07:25:07
27,BIKE,41.406621,2.185307,19,12,05/03/19 11:42:32
27,BIKE,41.406621,2.185307,19,9,12/03/19 14:13:39
27,BIKE,41.406621,2.185307,19,15,13/03/19 07:56:01
27,BIKE,41.406621,2.185307,19,12,07/03/19 13:09:59
27,BIKE,41.406621,2.185307,19,13,13/03/19 08:47:29
27,BIKE,41.406621,2.185307,19,11,13/03/19 15:53:50
27,BIKE,41.406621,2.185307,19,12,14/03/19 09:09:48
27,BIKE,41.406621,2.185307,19,14,04/03/19 10:51:43
27,BIKE,41.406621,2.185307,19,12,04/03/19 11:38:09
27,BIKE,41.406621,2.185307,19,6,10/03/19 22:36:39
27,BIKE,41.406621,2.185307,19,10,01/03/19 13:15:30
27,BIKE,41.406621,2.185307,19,9,04/03/19 15:19:34
27,BIKE,41.406621,2.185307,19,7,06/03/19 21:14:03
27,BIKE,41.406621,2.185307,19,14,13/03/19 06:26:41
27,BIKE,41.406621,2.185307,19,12,14/03/19 10:38:31
27,BIKE,41.406621,2.185307,19,10,05/03/19 13:43:09
27,BIKE,41.406621,2.185307,19,3,11/03/19 21:42:16
27,BIKE,41.406621,2.185307,19,9,08/03/19 18:20:01
27,BIKE,41.406621,2.185307,19,7,01/03/19 17:20:27
27,BIKE,41.406621,2.185307,19,12,06/03/19 12:45:10
27,BIKE,41.406621,2.185307,19,9,10/03/19 20:58:10
27,BIKE,41.406621,2.185307,19,13,10/03/19 09:13:59
27,BIKE,41.406621,2.185307,19,11,13/03/19 12:24:24
27,BIKE,41.406621,2.185307,19,11,09/03/19 12:16:33
27,BIKE,41.406621,2.185307,19,14,14/03/19 06:58:55
27,BIKE,41.406621,2.185307,19,13,07/03/19 07:00:30
27,BIKE,41.406621,2.185307,19,7,11/03/19 19:53:01
27,BIKE,41.406621,2.185307,19,6,09/03/19 22:46:25
27,BIKE,41.406621,2.185307,19,14,13/03/19 10:19:12
27,BIKE,41.406621,2.185307,19,14,14/03/19 07:40:03
27,BIKE,41.406621,2.185307,19,14,12/03/19 08:22:12
27,BIKE,41.406621,2.185307,19,14,14/03/19 06:38:16
27,BIKE,41.406621,2.185307,19,8,06/03/19 19:25:25
27,BIKE,41.406621,2.185307,19,14,14/03/19 06:54:25
27,BIKE,41.406621,2.185307,19,10,02/03/19 17:27:52
27,BIKE,41.406621,2.185307,19,9,06/03/19 19:48:39
27,BIKE,41.406621,2.185307,19,13,11/03/19 09:34:57
27,BIKE,41.406621,2.185307,19,12,09/03/19 09:22:44
27,BIKE,41.406621,2.185307,19,11,02/03/19 10:58:40
27,BIKE,41.406621,2.185307,19,10,10/03/19 18:11:55
28,ELECTRIC_BIKE,41.451717,2.150356,30,20,06/03/19 21:54:39
28,ELECTRIC_BIKE,41.451717,2.150356,30,4,12/03/19 18:58:15
28,ELECTRIC_BIKE,41.451717,2.150356,30,27,14/03/19 10:50:14
28,ELECTRIC_BIKE,41.451717,2.150356,30,5,03/03/19 18:36:17
28,ELECTRIC_BIKE,41.451717,2.150356,30,23,08/03/19 17:37:47
28,ELECTRIC_BIKE,41.451717,2.150356,30,8,01/03/19 13:55:02
28,ELECTRIC_BIKE,41.451717,2.150356,30,30,08/03/19 08:25:53
28,ELECTRIC_BIKE,41.451717,2.150356,30,11,12/03/19 11:49:24
28,ELECTRIC_BIKE,41.451717,2.150356,30,21,14/03/19 19:46:16
28,ELECTRIC_BIKE,41.451717,2.150356,30,7,12/03/19 14:51:33
28,ELECTRIC_BIKE,41.451717,2.150356,30,28,04/03/19 07:26:33
28,ELECTRIC_BIKE,41.451717,2.150356,30,3,06/03/19 21:39:16
28,ELECTRIC_BIKE,41.451717,2.150356,30,25,14/03/19 14:05:11
28,ELECTRIC_BIKE,41.451717,2.150356,30,10,12/03/19 11:04:45
28,ELECTRIC_BIKE,41.451717,2.150356,30,30,13/03/19 06:06:12
28,ELECTRIC_BIKE,41.451717,2.150356,30,7,04/03/19 15:44:33
28,ELECTRIC_BIKE,41.451717,2.150356,30,25,06/03/19 15:21:20
28,ELECTRIC_BIKE,41.451717,2.150356,30,13,12/03/19 08:54:24
28,ELECTRIC_BIKE,41.451717,2.150356,30,21,05/03/19 20:04:47
28,ELECTRIC_BIKE,41.451717,2.150356,30,7,11/03/19 14:10:55
28,ELECTRIC_BIKE,41.451717,2.150356,30,30,02/03/19 07:50:32
28,ELECTRIC_BIKE,41.451717,2.150356,30,12,01/03/19 09:25:49
28,ELECTRIC_BIKE,41.451717,2.150356,30,27,13/03/19 10:13:09
28,ELECTRIC_BIKE,41.451717,2.150356,30,4,05/03/19 18:46:18
28,ELECTRIC_BIKE,41.451717,2.150356,30,22,03/03/19 18:14:44
28,ELECTRIC_BIKE,41.451717,2.150356,30,5,04/03/19 19:58:49
28,ELECTRIC_BIKE,41.451717,2.150356,30,24,01/03/19 16:16:49
28,ELECTRIC_BIKE,41.451717,2.150356,30,4,11/03/19 21:51:43
28,ELECTRIC_BIKE,41.451717,2.150356,30,27,13/03/19 11:28:41
28,ELECTRIC_BIKE,41.451717,2.150356,30,7,01/03/19 15:56:01
28,ELECTRIC_BIKE,41.451717,2.150356,30,22,09/03/19 16:17:44
28,ELECTRIC_BIKE,41.451717,2.150356,30,9,06/03/19 12:55:20
28,ELECTRIC_BIKE,41.451717,2.150356,30,27,10/03/19 13:18:52
28,ELECTRIC_BIKE,41.451717,2.150356,30,6,10/03/19 17:26:02
28,ELECTRIC_BIKE,41.451717,2.150356,30,21,11/03/19 20:37:00
28,ELECTRIC_BIKE,41.451717,2.150356,30,3,01/03/19 21:33:26
28,ELECTRIC_BIKE,41.451717,2.150356,30,28,01/03/19 10:40:17
28,ELECTRIC_BIKE,41.451717,2.150356,30,5,14/03/19 18:41:06
28,ELECTRIC_BIKE,41.451717,2.150356,30,22,02/03/19 18:16:56
28,ELECTRIC_BIKE,41.451717,2.150356,30,3,08/03/19 21:00:59
29,BIKE,41.422923,2.1983,28,12,07/03/19 16:43:29
29,BIKE,41.422923,2.1983,28,19,06/03/19 09:36:22
29,BIKE,41.422923,2.1983,28,12,01/03/19 18:33:13
29,BIKE,41.422923,2.1983,28,20,03/03/19 08:29:24
29,BIKE,41.422923,2.1983,28,16,08/03/19 12:55:56
29,BIKE,41.422923,2.1983,28,16,02/03/19 14:17:37
29,BIKE,41.422923,2.1983,28,12,11/03/19 18:54:21
29,BIKE,41.422923,2.1983,28,21,13/03/19 08:10:58
29,BIKE,41.422923,2.1983,28,14,10/03/19 17:41:17
29,BIKE,41.422923,2.1983,28,19,12/03/19 08:56:52
29,BIKE,41.422923,2.1983,28,17,09/03/19 12:09:23
29,BIKE,41.422923,2.1983,28,19,10/03/19 08:46:14
29,BIKE,41.422923,2.1983,28,22,01/03/19 06:16:31
29,BIKE,41.422923,2.1983,28,17,08/03/19 11:03:27
29,BIKE,41.422923,2.1983,28,10,04/03/19 22:25:07
29,BIKE,41.422923,2.1983,28,14,03/03/19 15:41:33
29,BIKE,41.422923,2.1983,28,10,13/03/19 18:17:28
29,BIKE,41.422923,2.1983,28,20,12/03/19 09:57:18
29,BIKE,41.422923,2.1983,28,17,02/03/19 09:00:09
29,BIKE,41.422923,2.1983,28,12,14/03/19 21:16:06
29,BIKE,41.422923,2.1983,28,13,08/03/19 18:20:26
29,BIKE,41.422923,2.1983,28,13,09/03/19 14:22:39
29,BIKE,41.422923,2.1983,28,17,01/03/19 10:17:10
29,BIKE,41.422923,2.1983,28,10,13/03/19 20:01:45
29,BIKE,41.422923,2.1983,28,15,14/03/19 13:12:16
29,BIKE,41.422923,2.1983,28,19,11/03/19 06:15:58
29,BIKE,41.422923,2.1983,28,12,03/03/19 20:40:36
29,BIKE,41.422923,2.1983,28,16,08/03/19 13:22:50
29,BIKE,41.422923,2.1983,28,17,06/03/19 13:43:56
29,BIKE,41.422923,2.1983,28,16,06/03/19 12:26:13
29,BIKE,41.422923,2.1983,28,19,08/03/19 10:20:47
29,BIKE,41.422923,2.1983,28,13,11/03/19 16:09:36
29,BIKE,41.422923,2.1983,28,17,11/03/19 11:13:51
29,BIKE,41.422923,2.1983,28,16,04/03/19 14:54:41
29,BIKE,41.422923,2.1983,28,20,14/03/19 07:27:38
29,BIKE,41.422923,2.1983,28,10,07/03/19 20:18:38
29,BIKE,41.422923,2.1983,28,17,11/03/19 09:13:23
29,BIKE,41.422923,2.1983,28,14,13/03/19 16:52:06
29,BIKE,41.422923,2.1983,28,19,05/03/19 10:42:18
29,BIKE,41.422923,2.1983,28,18,13/03/19 09:41:41
30,BIKE,41.411412,2.167199,20,13,02/03/19 08:48:38
30,BIKE,41.411412,2.167199,20,10,05/03/19 18:14:38
30,BIKE,41.411412,2.167199,20,17,10/03/19 07:43:27
30,BIKE,41.411412,2.167199,20,8,11/03/19 19:04:51
30,BIKE,41.411412,2.167199,20,12,14/03/19 13:39:16
30,BIKE,41.411412,2.167199,20,12,06/03/19 13:19:53
30,BIKE,41.411412,2.167199,20,10,01/03/19 09:39:45
30,BIKE,41.411412,2.167199,20,12,07/03/19 12:13:10
30,BIKE,41.411412,2.167199,20,8,11/03/19 18:21:45
30,BIKE,41.411412,2.167199,20,9,02/03/19 21:40:14
30,BIKE,41.411412,2.167199,20,7,03/03/19 21:56:07
30,BIKE,41.411412,2.167199,20,9,06/03/19 16:20:39
30,BIKE,41.411412,2.167199,20,13,07/03/19 10:10:29
30,BIKE,41.411412,2.167199,20,15,07/03/19 07:07:46
30,BIKE,41.411412,2.167199,20,10,08/03/19 15:40:01
30,BIKE,41.411412,2.167199,20,10,09/03/19 15:53:52
30,BIKE,41.411412,2.167199,20,9,09/03/19 14:01:34
30,BIKE,41.411412,2.167199,20,11,06/03/19 14:20:26
30,BIKE,41.411412,2.167199,20,15,14/03/19 07:10:13
30,BIKE,41.411412,2.167199,20,14,07/03/19 12:57:16
30,BIKE,41.411412,2.167199,20,15,10/03/19 08:07:47
30,BIKE,41.411412,2.167199,20,8,10/03/19 20:04:58
30,BIKE,41.411412,2.167199,20,9,06/03/19 21:46:00
30,BIKE,41.411412,2.167199,20,9,09/03/19 20:59:31
30,BIKE,41.411412,2.167199,20,13,11/03/19 14:46:35
30,BIKE,41.411412,2.167199,20,10,07/03/19 19:06:37
30,BIKE,41.411412,2.167199,20,8,07/03/19 19:24:44
30,BIKE,41.411412,2.167199,20,13,09/03/19 11:31:33
30,BIKE,41.411412,2.167199,20,15,06/03/19 07:53:21
30,BIKE,41.411412,2.167199,20,8,11/03/19 20:45:10
30,BIKE,41.411412,2.167199,20,10,06/03/19 16:03:39
30,BIKE,41.411412,2.167199,20,11,02/03/19 13:27:33
30,BIKE,41.411412,2.167199,20,5,07/03/19 20:46:39
30,BIKE,41.411412,2.167199,20,6,13/03/19 22:32:53
30,BIKE,41.411412,2.167199,20,6,04/03/19 20:40:58
30,BIKE,41.411412,2.167199,20,15,05/03/19 06:58:54
30,BIKE,41.411412,2.167199,20,15,04/03/19 06:58:09
30,BIKE,41.411412,2.167199,20,9,14/03/19 14:50:56
30,BIKE,41.411412,2.167199,20,12,03/03/19 14:34:11
30,BIKE,41.411412,2.167199,20,15,07/03/19 09:18:48
